Player,Tm,Pos,G,AB,R,H,2B,3B,HR,RBI,SB,CS,BB,SO,SH,SF,HBP,AVG,OBP,SLG,OPS
Paul Goldschmidt,ARI,1B,158,593,95,172,35,5,33,83,7,4,90,173,0,0,6,0.29,0.389,0.533,0.922
David Peralta,ARI,OF,146,560,75,164,25,5,30,87,4,0,48,124,0,2,4,0.293,0.352,0.516,0.868
Ketel Marte,ARI,SS,153,520,68,135,26,12,14,59,6,1,54,79,1,2,3,0.26,0.332,0.437,0.769
Nick Ahmed,ARI,SS,153,516,61,121,33,5,16,70,5,4,40,109,1,5,2,0.234,0.29,0.411,0.701
A.J. Pollock,ARI,OF,113,413,61,106,21,5,21,65,13,2,31,100,1,7,8,0.257,0.316,0.484,0.8
Daniel Descalso,ARI,2B,138,349,54,83,22,4,13,57,0,1,64,110,0,7,2,0.238,0.353,0.436,0.789
Jon Jay,ARI,OF,84,289,46,68,10,5,2,22,1,1,14,56,1,1,15,0.235,0.304,0.325,0.629
Chris Owings,ARI,SS,106,281,34,58,15,0,4,22,11,4,24,75,0,2,2,0.206,0.272,0.302,0.574
Steven Souza,ARI,OF,72,241,21,53,15,3,5,29,6,1,28,75,0,0,3,0.22,0.309,0.369,0.678
John Ryan Murphy,ARI,C,87,208,19,42,9,0,9,24,0,0,11,71,2,1,1,0.202,0.244,0.375,0.619
Jake Lamb,ARI,3B,56,207,34,46,8,0,6,31,1,2,26,65,0,4,1,0.222,0.307,0.348,0.655
Jarrod Dyson,ARI,OF,67,206,29,39,4,2,2,12,16,3,27,34,3,1,0,0.189,0.282,0.257,0.539
Jeff Mathis,ARI,C,69,195,15,39,9,1,1,20,0,0,20,66,1,2,0,0.2,0.272,0.272,0.544
Alex Avila,ARI,C,80,194,13,32,6,0,7,20,0,0,37,90,0,2,1,0.165,0.299,0.304,0.603
Deven Marrero,ARI,3B,49,78,11,13,1,1,0,7,3,0,6,23,0,1,0,0.167,0.224,0.205,0.429
Christian Walker,ARI,1B,37,49,6,8,2,0,3,6,1,0,3,22,0,0,1,0.163,0.226,0.388,0.614
Socrates Brito,ARI,OF,24,40,3,7,0,0,1,3,0,1,3,9,0,1,0,0.175,0.227,0.25,0.477
Ildemaro Vargas,ARI,2B,14,19,2,4,0,0,1,4,1,0,1,4,0,0,0,0.211,0.25,0.368,0.618
Patrick Kivlehan,ARI,OF,9,13,3,3,0,2,0,0,0,0,0,6,0,0,1,0.231,0.286,0.538,0.824
Ozzie Albies,ATL,2B,158,639,105,167,40,5,24,72,14,3,36,116,1,3,5,0.261,0.305,0.452,0.757
Nick Markakis,ATL,OF,162,623,78,185,43,2,14,93,1,1,72,80,0,9,1,0.297,0.366,0.44,0.806
Freddie Freeman,ATL,1B,162,618,94,191,44,4,23,98,10,3,76,132,0,6,7,0.309,0.388,0.505,0.893
Ender Inciarte,ATL,OF,156,597,83,158,27,6,10,61,28,14,49,86,4,4,6,0.265,0.325,0.38,0.705
Dansby Swanson,ATL,SS,136,478,51,114,25,4,14,59,10,4,44,122,6,3,2,0.238,0.304,0.395,0.699
Johan Camargo,ATL,SS,134,464,63,126,27,1,19,76,1,1,51,108,0,3,6,0.272,0.349,0.457,0.806
Ronald Acuna,ATL,OF,111,433,78,127,26,4,26,64,16,5,45,123,0,3,6,0.293,0.366,0.552,0.918
Kurt Suzuki,ATL,C,105,347,45,94,24,0,12,50,0,0,22,43,0,6,13,0.271,0.332,0.444,0.776
Charlie Culberson,ATL,SS,113,296,47,80,18,2,12,45,4,2,21,85,0,1,4,0.27,0.326,0.466,0.792
Tyler Flowers,ATL,C,82,251,34,57,9,0,8,30,0,0,35,76,0,1,9,0.227,0.341,0.359,0.7
Ryan Flaherty,ATL,3B,81,161,17,35,6,0,2,13,4,2,18,41,1,1,1,0.217,0.298,0.292,0.59
Preston Tucker,ATL,OF,80,129,15,31,10,0,4,22,0,0,9,34,0,1,3,0.24,0.303,0.411,0.714
Peter Bourjos,ATL,OF,36,44,5,9,2,1,1,4,0,0,2,15,1,0,0,0.205,0.239,0.364,0.603
Danny Santana,ATL,OF,15,28,4,5,3,0,0,2,1,1,3,11,0,0,1,0.179,0.281,0.286,0.567
Lane Adams,ATL,OF,26,25,10,6,1,0,2,6,1,0,4,8,0,0,0,0.24,0.345,0.52,0.865
Chris Stewart,ATL,C,5,14,3,3,0,0,0,3,0,0,1,1,0,1,0,0.214,0.25,0.214,0.464
Rio Ruiz,ATL,3B,14,12,1,1,0,0,0,0,0,0,2,5,0,0,1,0.083,0.267,0.083,0.35
Michael Reed,ATL,OF,7,7,1,2,0,0,0,0,0,0,0,3,0,0,0,0.286,0.286,0.286,0.572
Dustin Peterson,ATL,OF,2,2,0,0,0,0,0,0,0,0,0,1,0,0,0,0,0,0,0
Javier Baez,CHC,SS,160,606,101,176,40,9,34,111,21,9,29,167,1,4,5,0.29,0.326,0.554,0.88
Anthony Rizzo,CHC,1B,153,566,74,160,29,1,25,101,6,4,70,80,0,9,20,0.283,0.376,0.47,0.846
Willson Contreras,CHC,C,138,474,50,118,27,5,10,54,4,1,53,121,2,2,13,0.249,0.339,0.39,0.729
Ben Zobrist,CHC,2B,139,455,67,139,28,3,9,58,3,4,55,60,1,7,2,0.305,0.378,0.44,0.818
Albert Almora,CHC,OF,152,444,62,127,24,1,5,41,1,3,24,83,2,6,3,0.286,0.323,0.378,0.701
Jason Heyward,CHC,OF,127,440,67,119,23,4,8,57,1,1,42,60,2,2,2,0.27,0.335,0.395,0.73
Kyle Schwarber,CHC,OF,137,428,64,102,14,3,26,61,4,3,78,140,1,2,1,0.238,0.356,0.467,0.823
Addison Russell,CHC,SS,130,420,52,105,21,1,5,38,4,0,40,99,1,2,2,0.25,0.317,0.34,0.657
Kris Bryant,CHC,3B,102,389,59,106,28,3,13,52,2,4,48,107,0,3,17,0.272,0.374,0.46,0.834
Ian Happ,CHC,2B,142,387,56,90,19,2,15,44,8,4,70,167,0,2,3,0.233,0.353,0.408,0.761
David Bote,CHC,2B,74,184,23,44,9,2,6,33,3,4,19,60,0,3,4,0.239,0.319,0.408,0.727
Victor Caratini,CHC,C,76,181,21,42,7,0,2,21,0,0,12,42,2,1,4,0.232,0.293,0.304,0.597
Tommy La Stella,CHC,2B,123,169,23,45,8,0,1,19,0,1,17,27,0,0,2,0.266,0.34,0.331,0.671
Efren Navarro,CHC,1B,4,6,0,1,0,0,0,0,0,0,0,4,0,0,0,0.167,0.167,0.167,0.334
Terrance Gore,CHC,OF,14,5,5,1,0,0,0,0,6,0,0,1,0,0,0,0.2,0.2,0.2,0.4
Taylor Davis,CHC,C,5,5,0,2,0,0,0,2,0,0,0,1,0,1,0,0.4,0.333,0.4,0.733
Mark Zagunis,CHC,OF,5,5,0,2,1,0,0,1,0,0,1,1,0,0,0,0.4,0.5,0.6,1.1
Jose Peraza,CIN,SS,157,632,85,182,31,4,14,58,23,6,29,75,8,5,9,0.288,0.326,0.416,0.742
Scooter Gennett,CIN,2B,154,584,86,181,30,3,23,92,4,2,42,125,3,5,4,0.31,0.357,0.49,0.847
Eugenio Suarez,CIN,3B,143,527,79,149,22,2,34,104,1,1,64,142,0,6,9,0.283,0.366,0.526,0.892
Billy Hamilton,CIN,OF,153,504,74,119,16,9,4,29,34,10,46,132,1,4,1,0.236,0.299,0.327,0.626
Joey Votto,CIN,1B,145,503,67,143,28,2,12,67,2,0,108,101,0,3,9,0.284,0.417,0.419,0.836
Tucker Barnhart,CIN,C,138,460,50,114,21,3,10,46,0,4,54,96,3,3,2,0.248,0.328,0.372,0.7
Scott Schebler,CIN,OF,107,380,55,97,19,0,17,49,4,2,39,99,0,2,9,0.255,0.337,0.439,0.776
Adam Duvall,CIN,OF,105,331,40,68,19,0,15,61,2,2,34,100,0,1,4,0.205,0.286,0.399,0.685
Jesse Winker,CIN,OF,89,281,38,84,16,0,7,43,0,0,49,46,1,1,2,0.299,0.405,0.431,0.836
Phillip Ervin,CIN,OF,78,218,27,55,10,1,7,31,6,1,20,60,0,4,5,0.252,0.324,0.404,0.728
Curt Casali,CIN,C,52,140,15,41,10,0,4,16,0,2,12,32,1,1,2,0.293,0.355,0.45,0.805
Alex Blandino,CIN,SS,69,128,14,30,4,0,1,8,0,0,13,41,2,0,4,0.234,0.324,0.289,0.613
Mason Williams,CIN,OF,51,123,10,36,5,1,2,6,1,2,7,29,2,0,0,0.293,0.331,0.398,0.729
Brandon Dixon,CIN,3B,74,118,14,21,6,0,5,10,0,0,6,43,0,0,0,0.178,0.218,0.356,0.574
Dilson Herrera,CIN,2B,53,87,11,16,5,0,5,11,0,0,8,39,0,0,2,0.184,0.268,0.414,0.682
Cliff Pennington,CIN,2B,16,29,1,4,0,0,0,0,0,0,5,13,0,0,0,0.138,0.265,0.138,0.403
Tony Cruz,CIN,C,9,26,2,4,1,0,1,2,0,0,0,11,0,0,0,0.154,0.154,0.308,0.462
Phil Gosselin,CIN,2B,20,24,5,3,0,0,1,2,0,0,4,8,0,0,0,0.125,0.25,0.25,0.5
Gabriel Guerrero,CIN,OF,14,18,1,3,0,0,1,1,0,0,0,8,0,0,0,0.167,0.167,0.333,0.5
Blake Trahan,CIN,SS,11,14,2,3,0,0,0,0,0,0,0,4,0,0,0,0.214,0.214,0.214,0.428
Charlie Blackmon,COL,OF,156,626,119,182,31,7,29,70,12,4,59,134,1,2,8,0.291,0.358,0.502,0.86
Trevor Story,COL,SS,157,598,88,174,42,6,37,108,27,6,47,168,0,4,7,0.291,0.348,0.567,0.915
Nolan Arenado,COL,3B,156,590,104,175,38,2,38,110,2,2,73,122,1,6,3,0.297,0.374,0.561,0.935
Ian Desmond,COL,OF,160,555,82,131,21,8,22,88,20,6,53,146,1,4,6,0.236,0.307,0.422,0.729
DJ LeMahieu,COL,2B,128,533,90,147,32,2,15,62,6,5,37,82,2,7,2,0.276,0.321,0.428,0.749
Carlos Gonzalez,COL,OF,132,463,71,128,32,4,16,64,5,2,37,113,0,3,1,0.276,0.329,0.467,0.796
Gerardo Parra,COL,OF,142,401,52,114,17,0,6,53,11,4,32,75,2,3,5,0.284,0.342,0.372,0.714
Chris Iannetta,COL,C,110,299,36,67,13,1,11,36,0,0,50,87,1,3,7,0.224,0.345,0.385,0.73
David Dahl,COL,OF,77,249,31,68,11,3,16,48,5,3,19,68,0,2,1,0.273,0.325,0.534,0.859
Tony Wolters,COL,C,74,182,19,31,4,4,3,27,2,0,26,33,0,2,6,0.17,0.292,0.286,0.578
Ryan McMahon,COL,1B,91,181,17,42,9,1,5,19,1,0,18,64,0,1,2,0.232,0.307,0.376,0.683
Noel Cuevas,COL,OF,75,146,16,34,4,1,2,10,1,0,6,24,0,0,1,0.233,0.268,0.315,0.583
Pat Valaika,COL,SS,68,122,8,19,5,0,2,5,0,0,9,30,2,0,0,0.156,0.214,0.246,0.46
Tom Murphy,COL,C,37,93,5,21,7,1,2,11,0,1,3,44,0,0,0,0.226,0.25,0.387,0.637
Matt Holliday,COL,OF,25,53,3,15,2,0,2,3,0,0,12,18,0,0,0,0.283,0.415,0.434,0.849
Daniel Castro,COL,SS,18,46,2,8,1,0,1,6,0,0,1,7,0,0,0,0.174,0.191,0.261,0.452
Garrett Hampson,COL,2B,24,40,3,11,3,1,0,4,2,0,7,12,0,0,1,0.275,0.396,0.4,0.796
Mike Tauchman,COL,OF,21,32,5,3,1,0,0,0,1,0,4,15,1,0,0,0.094,0.194,0.125,0.319
Raimel Tapia,COL,OF,25,25,6,5,2,1,1,6,0,0,2,7,0,0,0,0.2,0.259,0.48,0.739
Cody Bellinger,LAD,1B,162,557,84,145,28,7,25,76,14,1,69,151,0,3,3,0.26,0.343,0.47,0.813
Chris Taylor,LAD,2B,155,536,85,136,35,8,17,63,9,6,55,178,0,4,9,0.254,0.331,0.444,0.775
Matt Kemp,LAD,OF,146,462,62,134,25,0,21,85,0,0,36,115,0,7,1,0.29,0.338,0.481,0.819
Yasmani Grandal,LAD,C,140,440,65,106,23,2,24,68,2,1,72,124,0,3,3,0.241,0.349,0.466,0.815
Yasiel Puig,LAD,OF,125,405,60,108,21,1,23,63,15,5,36,87,0,2,1,0.267,0.327,0.494,0.821
Enrique Hernandez,LAD,SS,145,402,67,103,17,3,21,52,3,0,50,78,4,5,1,0.256,0.336,0.47,0.806
Max Muncy,LAD,2B,137,395,75,104,17,2,35,79,3,0,79,131,0,2,5,0.263,0.391,0.582,0.973
Joc Pederson,LAD,OF,148,395,65,98,27,3,25,56,1,5,40,85,1,3,4,0.248,0.321,0.522,0.843
Justin Turner,LAD,3B,103,365,62,114,31,1,14,52,2,1,47,54,0,2,12,0.312,0.406,0.518,0.924
Austin Barnes,LAD,C,100,200,32,41,5,0,4,14,4,3,31,67,1,0,6,0.205,0.329,0.29,0.619
Logan Forsythe,LAD,2B,70,193,18,40,10,0,2,13,2,0,17,43,0,1,0,0.207,0.27,0.29,0.56
Chase Utley,LAD,2B,87,164,18,35,10,1,1,14,3,1,17,34,0,1,5,0.213,0.305,0.305,0.61
Corey Seager,LAD,SS,26,101,13,27,5,1,2,13,0,0,11,17,0,1,2,0.267,0.348,0.396,0.744
Alex Verdugo,LAD,OF,37,77,11,20,6,0,1,4,0,0,8,14,1,0,0,0.26,0.329,0.377,0.706
Kyle Farmer,LAD,C,39,68,1,16,4,1,0,9,0,0,5,15,0,1,3,0.235,0.312,0.324,0.636
Andrew Toles,LAD,OF,17,30,5,7,2,0,0,4,1,0,2,8,0,0,0,0.233,0.281,0.3,0.581
Tim Locastro,LAD,2B,18,11,6,2,1,0,0,0,4,0,2,5,0,0,1,0.182,0.357,0.273,0.63
Rocky Gale,LAD,C,3,2,0,0,0,0,0,0,0,0,0,1,0,0,0,0,0,0,0
Starlin Castro,MIA,2B,154,593,76,165,32,2,12,54,6,4,48,124,0,6,0,0.278,0.329,0.4,0.729
Brian Anderson,MIA,3B,156,590,87,161,34,4,11,65,2,4,62,129,0,2,16,0.273,0.357,0.4,0.757
Derek Dietrich,MIA,3B,149,499,72,132,26,2,16,45,2,0,29,140,0,2,21,0.265,0.33,0.421,0.751
Miguel Rojas,MIA,SS,153,488,44,123,13,0,11,53,6,3,24,69,2,4,9,0.252,0.297,0.346,0.643
J.T. Realmuto,MIA,C,125,477,74,132,30,3,21,74,3,2,38,104,0,4,10,0.277,0.34,0.484,0.824
Lewis Brinson,MIA,OF,109,382,31,76,10,5,11,42,2,1,17,120,0,2,4,0.199,0.24,0.338,0.578
Justin Bour,MIA,1B,112,374,43,85,10,1,19,54,1,0,69,111,0,3,1,0.227,0.347,0.412,0.759
JT Riddle,MIA,SS,102,308,28,71,10,4,9,36,0,3,20,67,3,1,0,0.231,0.277,0.377,0.654
Cameron Maybin,MIA,OF,99,251,20,63,12,1,3,20,8,5,32,55,0,2,2,0.251,0.338,0.343,0.681
Martin Prado,MIA,3B,54,197,16,48,9,0,1,18,1,1,11,35,0,0,1,0.244,0.287,0.305,0.592
Bryan Holaday,MIA,C,61,151,7,31,5,0,1,16,0,0,10,29,1,2,2,0.205,0.261,0.258,0.519
Magneuris Sierra,MIA,OF,54,147,10,28,3,0,0,7,3,2,6,39,3,0,0,0.19,0.222,0.211,0.433
Yadiel Rivera,MIA,3B,111,139,13,24,3,0,1,9,2,1,19,51,0,2,0,0.173,0.269,0.216,0.485
Rafael Ortega,MIA,OF,41,133,10,31,3,1,0,7,5,2,10,23,0,0,0,0.233,0.287,0.271,0.558
J.B. Shuck,MIA,OF,70,130,10,25,3,1,0,4,2,2,10,22,1,0,1,0.192,0.255,0.231,0.486
Austin Dean,MIA,OF,34,113,16,25,4,0,4,14,1,0,7,22,0,0,2,0.221,0.279,0.363,0.642
Peter O'Brien,MIA,OF,22,66,8,18,5,0,4,10,0,0,7,22,0,1,0,0.273,0.338,0.53,0.868
Isaac Galloway,MIA,OF,43,64,7,13,3,0,3,7,1,1,9,21,1,0,0,0.203,0.301,0.391,0.692
Chad Wallach,MIA,C,15,45,4,8,1,0,1,5,0,0,4,23,1,0,2,0.178,0.275,0.267,0.542
Garrett Cooper,MIA,1B,14,33,2,7,1,0,0,2,0,0,4,12,0,0,1,0.212,0.316,0.242,0.558
Tomas Telis,MIA,1B,23,29,2,6,1,0,0,1,0,0,2,8,0,0,0,0.207,0.258,0.241,0.499
Braxton Lee,MIA,OF,8,17,0,3,0,0,0,2,0,0,1,8,0,0,0,0.176,0.222,0.176,0.398
Christopher Bostick,MIA,OF,13,14,0,3,1,0,0,2,0,0,2,6,0,0,0,0.214,0.313,0.286,0.599
Christian Yelich,MIL,OF,147,574,118,187,34,7,36,110,22,4,68,135,0,2,7,0.326,0.402,0.598,1
Lorenzo Cain,MIL,OF,141,539,90,166,25,2,10,38,30,7,71,94,0,2,8,0.308,0.395,0.417,0.812
Travis Shaw,MIL,3B,152,498,73,120,23,0,32,86,5,2,78,108,1,6,4,0.241,0.345,0.48,0.825
Jesus Aguilar,MIL,1B,149,492,80,135,25,0,35,108,0,0,58,143,0,10,6,0.274,0.352,0.539,0.891
Ryan Braun,MIL,OF,125,405,59,103,25,1,20,64,11,5,34,85,0,3,2,0.254,0.313,0.469,0.782
Orlando Arcia,MIL,SS,119,348,32,82,16,0,3,30,7,4,15,87,1,1,1,0.236,0.268,0.307,0.575
Hernan Perez,MIL,3B,132,316,36,80,11,2,9,29,11,3,17,71,0,1,0,0.253,0.29,0.386,0.676
Manny Pina,MIL,C,98,306,39,77,13,2,9,28,2,0,21,62,1,4,5,0.252,0.307,0.395,0.702
Jonathan Villar,MIL,2B,87,257,26,67,10,1,6,22,14,2,19,80,0,1,2,0.261,0.315,0.377,0.692
Eric Thames,MIL,1B,96,247,41,54,10,3,16,37,7,0,29,97,0,0,2,0.219,0.306,0.478,0.784
Domingo Santana,MIL,OF,85,211,21,56,14,1,5,20,1,1,20,77,0,3,1,0.265,0.328,0.412,0.74
Erik Kratz,MIL,C,67,203,18,48,6,0,6,23,1,0,6,40,1,2,7,0.236,0.28,0.355,0.635
Tyler Saladino,MIL,SS,52,118,11,29,3,0,5,16,2,2,9,38,1,1,1,0.246,0.302,0.398,0.7
Eric Sogard,MIL,2B,55,97,7,13,3,0,0,2,3,0,12,23,1,1,2,0.134,0.241,0.165,0.406
Keon Broxton,MIL,OF,51,78,15,14,2,2,4,11,5,1,11,28,0,0,0,0.179,0.281,0.41,0.691
Jett Bandy,MIL,C,24,64,5,12,2,0,1,1,0,0,3,23,0,0,4,0.188,0.268,0.266,0.534
Nate Orf,MIL,2B,15,21,4,2,0,0,1,1,1,0,3,8,0,0,1,0.095,0.24,0.238,0.478
Jacob Nottingham,MIL,C,9,20,2,4,1,0,0,0,0,0,4,8,0,0,0,0.2,0.333,0.25,0.583
Nick Franklin,MIL,2B,1,2,0,0,0,0,0,0,0,0,0,0,0,0,0,0,0,0,0
Amed Rosario,NYM,SS,154,554,76,142,26,8,9,51,24,11,29,119,3,3,3,0.256,0.295,0.381,0.676
Michael Conforto,NYM,OF,153,543,78,132,25,1,28,82,3,4,84,159,0,4,7,0.243,0.35,0.448,0.798
Brandon Nimmo,NYM,OF,140,433,77,114,28,8,17,47,9,6,80,140,0,0,22,0.263,0.404,0.483,0.887
Todd Frazier,NYM,3B,115,408,54,87,18,0,18,59,9,4,48,112,0,8,8,0.213,0.303,0.39,0.693
Wilmer Flores,NYM,3B,126,386,43,103,25,0,11,51,0,0,29,42,0,9,5,0.267,0.319,0.417,0.736
Asdrubal Cabrera,NYM,SS,98,375,48,104,23,1,18,58,0,0,29,81,0,2,1,0.277,0.329,0.488,0.817
Jay Bruce,NYM,OF,94,319,31,71,18,1,9,37,2,3,41,75,0,1,0,0.223,0.31,0.37,0.68
Jose Bautista,NYM,3B,83,245,37,50,13,0,9,37,2,2,51,84,0,1,5,0.204,0.351,0.367,0.718
Kevin Plawecki,NYM,C,79,238,33,50,13,2,7,30,0,1,28,65,1,1,9,0.21,0.315,0.37,0.685
Jose Reyes,NYM,SS,110,228,30,43,12,3,4,16,5,2,22,39,1,0,0,0.189,0.26,0.32,0.58
Jeff McNeil,NYM,2B,63,225,35,74,11,6,3,19,7,1,14,24,4,0,5,0.329,0.381,0.471,0.852
Devin Mesoraco,NYM,C,66,203,23,45,8,0,10,30,0,0,23,42,0,1,2,0.222,0.306,0.409,0.715
Austin Jackson,NYM,OF,57,198,17,49,9,1,3,19,1,2,12,74,0,0,0,0.247,0.29,0.348,0.638
Adrian Gonzalez,NYM,1B,54,169,15,40,5,0,6,26,0,0,15,34,0,2,1,0.237,0.299,0.373,0.672
Dominic Smith,NYM,1B,56,143,14,32,11,1,5,11,0,0,4,47,0,0,2,0.224,0.255,0.42,0.675
Yoenis Cespedes,NYM,OF,38,141,20,37,6,0,9,29,3,0,13,50,0,2,1,0.262,0.325,0.496,0.821
Tomas Nido,NYM,C,34,84,10,14,3,0,1,9,0,0,4,27,0,2,0,0.167,0.2,0.238,0.438
Luis Guillorme,NYM,SS,35,67,4,14,2,0,0,5,1,0,7,3,0,0,0,0.209,0.284,0.239,0.523
Juan Lagares,NYM,OF,30,59,9,20,1,1,0,6,3,1,3,9,0,1,1,0.339,0.375,0.39,0.765
Jose Lobaton,NYM,C,22,49,3,7,2,1,0,4,0,0,7,15,0,1,0,0.143,0.246,0.224,0.47
Jack Reinheimer,NYM,SS,21,30,4,5,0,0,0,0,1,1,5,9,0,0,0,0.167,0.286,0.167,0.453
Phillip Evans,NYM,3B,15,21,1,3,0,0,0,1,1,0,2,8,0,0,0,0.143,0.217,0.143,0.36
Matt den Dekker,NYM,OF,8,18,0,0,0,0,0,1,0,0,2,9,0,1,0,0,0.095,0,0.095
Travis d'Arnaud,NYM,C,4,15,1,3,0,0,1,3,0,0,1,5,0,0,0,0.2,0.25,0.4,0.65
Ty Kelly,NYM,2B,9,11,1,1,0,0,0,0,0,0,1,2,0,0,0,0.091,0.167,0.091,0.258
Kevin Kaczmarski,NYM,OF,4,4,0,0,0,0,0,0,0,1,1,1,0,0,0,0,0.2,0,0.2
David Wright,NYM,3B,2,2,0,0,0,0,0,0,0,0,1,0,0,0,0,0,0.333,0,0.333
Cesar Hernandez,PHI,2B,161,605,91,153,15,3,15,60,19,6,95,155,1,3,4,0.253,0.356,0.362,0.718
Carlos Santana,PHI,1B,161,560,82,128,28,2,24,86,2,1,110,93,0,8,1,0.229,0.352,0.414,0.766
Rhys Hoskins,PHI,1B,153,558,89,137,38,0,34,96,5,3,87,150,0,5,9,0.246,0.354,0.496,0.85
Odubel Herrera,PHI,OF,148,550,64,140,19,3,22,71,5,2,38,122,1,1,7,0.255,0.31,0.42,0.73
Scott Kingery,PHI,2B,147,452,55,102,23,2,8,35,10,3,24,126,0,5,3,0.226,0.267,0.338,0.605
Maikel Franco,PHI,3B,131,433,48,117,17,1,22,68,1,0,29,62,0,3,0,0.27,0.314,0.467,0.781
Nick Williams,PHI,OF,140,407,53,104,12,3,17,50,3,2,32,111,0,0,9,0.256,0.324,0.425,0.749
Jorge Alfaro,PHI,C,108,344,35,90,16,2,10,37,3,0,18,138,0,1,14,0.262,0.324,0.407,0.731
Aaron Altherr,PHI,OF,105,243,28,44,11,1,8,38,3,2,36,91,0,2,4,0.181,0.295,0.333,0.628
Andrew Knapp,PHI,C,84,187,19,37,6,2,4,15,1,0,24,75,1,1,2,0.198,0.294,0.316,0.61
Roman Quinn,PHI,OF,50,131,13,34,6,4,2,12,10,4,10,35,1,0,1,0.26,0.317,0.412,0.729
J.P. Crawford,PHI,3B,49,117,17,25,6,3,3,12,2,0,13,37,2,0,5,0.214,0.319,0.393,0.712
Jesmuel Valentin,PHI,2B,46,79,8,14,5,1,1,6,0,0,8,24,0,1,1,0.177,0.258,0.304,0.562
Pedro Florimon,PHI,OF,50,71,13,16,6,1,2,5,1,2,5,30,0,0,0,0.225,0.276,0.423,0.699
Dylan Cozens,PHI,OF,26,38,2,6,2,0,1,2,1,0,6,24,0,0,0,0.158,0.273,0.289,0.562
Mitch Walding,PHI,3B,13,17,1,1,0,0,1,2,0,0,2,12,0,0,0,0.059,0.158,0.235,0.393
Trevor Plouffe,PHI,3B,7,12,1,3,0,0,1,3,0,0,0,6,0,0,0,0.25,0.25,0.5,0.75
Starling Marte,PIT,OF,145,559,81,155,32,5,20,72,33,14,35,109,1,3,8,0.277,0.327,0.46,0.787
Corey Dickerson,PIT,OF,135,504,65,151,35,7,13,55,8,3,21,80,0,4,4,0.3,0.33,0.474,0.804
Josh Bell,PIT,1B,148,501,74,131,31,4,12,62,2,5,77,104,0,5,0,0.261,0.357,0.411,0.768
Gregory Polanco,PIT,OF,130,461,75,117,32,6,23,81,12,2,61,117,0,7,3,0.254,0.34,0.499,0.839
Colin Moran,PIT,3B,144,415,49,115,19,1,11,58,0,2,39,82,0,7,4,0.277,0.34,0.407,0.747
Jordy Mercer,PIT,SS,117,394,43,99,29,2,6,39,2,0,32,87,1,3,6,0.251,0.315,0.381,0.696
Josh Harrison,PIT,2B,97,344,41,86,13,1,8,37,3,0,18,68,2,5,5,0.25,0.293,0.363,0.656
Francisco Cervelli,PIT,C,104,332,39,86,15,3,12,57,2,3,51,84,2,4,15,0.259,0.378,0.431,0.809
Adam Frazier,PIT,OF,113,318,52,88,23,2,10,35,1,3,29,53,1,1,3,0.277,0.342,0.456,0.798
Elias Diaz,PIT,C,82,252,33,72,12,0,10,34,0,1,21,40,0,3,1,0.286,0.339,0.452,0.791
David Freese,PIT,3B,94,241,29,68,10,1,9,42,0,0,18,56,0,3,3,0.282,0.336,0.444,0.78
Austin Meadows,PIT,OF,49,154,16,45,8,2,5,13,4,1,8,35,0,2,1,0.292,0.327,0.468,0.795
Sean Rodriguez,PIT,OF,66,150,21,25,5,1,5,19,1,0,22,60,0,0,1,0.167,0.277,0.313,0.59
Jose Osuna,PIT,OF,51,106,14,24,9,0,3,11,0,0,3,22,0,1,1,0.226,0.252,0.396,0.648
Jordan Luplow,PIT,OF,37,92,16,17,1,3,3,7,2,2,10,18,0,0,1,0.185,0.272,0.359,0.631
Kevin Newman,PIT,SS,31,91,7,19,2,0,0,6,0,1,4,23,0,1,1,0.209,0.247,0.231,0.478
Max Moroff,PIT,2B,26,59,7,11,1,0,3,9,0,0,7,24,0,0,1,0.186,0.284,0.356,0.64
Pablo Reyes,PIT,2B,18,58,9,17,2,0,3,7,0,1,5,11,0,0,0,0.293,0.349,0.483,0.832
Kevin Kramer,PIT,2B,21,37,5,5,0,0,0,4,0,0,2,20,0,1,0,0.135,0.175,0.135,0.31
Jacob Stallings,PIT,C,14,37,2,8,0,0,0,5,0,0,3,9,0,1,0,0.216,0.268,0.216,0.484
Jung Ho Kang,PIT,3B,3,6,0,2,0,0,0,0,0,0,0,1,0,0,0,0.333,0.333,0.333,0.666
Ryan Lavarnway,PIT,C,6,6,1,4,1,0,0,1,0,0,0,1,0,0,0,0.667,0.667,0.833,1.5
Eric Hosmer,SDP,1B,157,613,72,155,31,2,18,69,7,4,62,142,0,1,1,0.253,0.322,0.398,0.72
Freddy Galvis,SDP,SS,162,602,62,149,31,5,13,67,8,6,45,147,1,6,2,0.248,0.299,0.38,0.679
Manuel Margot,SDP,OF,141,477,50,117,26,8,8,51,11,10,32,88,1,7,2,0.245,0.292,0.384,0.676
Jose Pirela,SDP,OF,146,438,54,109,23,2,5,32,6,3,30,89,0,2,3,0.249,0.3,0.345,0.645
Hunter Renfroe,SDP,OF,117,403,53,100,23,1,26,68,2,1,30,109,0,5,3,0.248,0.302,0.504,0.806
Christian Villanueva,SDP,3B,110,351,42,83,15,0,20,46,3,0,23,104,0,1,9,0.236,0.299,0.45,0.749
Travis Jankowski,SDP,OF,117,347,45,90,12,3,4,17,24,7,37,73,2,0,1,0.259,0.332,0.346,0.678
Wil Myers,SDP,1B,83,312,39,79,25,1,11,39,13,1,30,94,0,1,0,0.253,0.318,0.446,0.764
Austin Hedges,SDP,C,91,303,29,70,14,2,14,37,3,0,21,90,0,1,1,0.231,0.282,0.429,0.711
Cory Spangenberg,SDP,3B,116,298,35,70,9,4,7,25,6,1,25,108,4,0,2,0.235,0.298,0.362,0.66
Franmil Reyes,SDP,OF,87,261,36,73,9,0,16,31,0,0,24,80,0,0,0,0.28,0.34,0.498,0.838
Carlos Asuaje,SDP,2B,79,189,15,37,8,1,2,19,1,1,24,46,1,3,1,0.196,0.286,0.28,0.566
A.J. Ellis,SDP,C,66,151,19,41,8,0,1,15,0,0,26,37,3,2,1,0.272,0.378,0.344,0.722
Franchy Cordero,SDP,OF,40,139,19,33,5,1,7,19,5,2,14,55,1,0,0,0.237,0.307,0.439,0.746
Raffy Lopez,SDP,C,37,102,11,18,2,0,3,13,1,0,13,43,0,2,0,0.176,0.265,0.284,0.549
Matt Szczur,SDP,OF,57,75,11,14,3,0,1,6,3,0,8,24,1,0,0,0.187,0.265,0.267,0.532
Francisco Mejia,SDP,C,20,54,6,10,2,0,3,8,0,0,3,19,0,0,1,0.185,0.241,0.389,0.63
Chase Headley,SDP,3B,27,52,2,6,1,0,0,4,0,0,6,20,0,0,2,0.115,0.233,0.135,0.368
Luis Urias,SDP,2B,12,48,5,10,1,0,2,5,1,0,3,10,0,1,1,0.208,0.264,0.354,0.618
Javy Guerra,SDP,SS,13,16,2,2,0,0,0,1,0,0,3,9,0,0,0,0.125,0.263,0.125,0.388
Brandon Crawford,SFG,SS,151,531,63,135,28,2,14,54,4,5,50,122,0,5,8,0.254,0.325,0.394,0.719
Andrew McCutchen,SFG,OF,130,482,65,123,28,2,15,55,13,6,73,123,0,6,7,0.255,0.357,0.415,0.772
Evan Longoria,SFG,3B,125,480,51,117,25,4,16,54,3,1,22,101,0,5,5,0.244,0.281,0.413,0.694
Gorkys Hernandez,SFG,OF,142,414,52,97,16,2,15,40,8,5,27,113,2,4,4,0.234,0.285,0.391,0.676
Brandon Belt,SFG,1B,112,399,50,101,18,2,14,46,4,0,49,107,0,2,6,0.253,0.342,0.414,0.756
Buster Posey,SFG,C,105,398,47,113,22,1,5,41,3,2,45,53,0,2,3,0.284,0.359,0.382,0.741
Joe Panik,SFG,2B,102,358,38,91,14,1,4,24,4,2,26,30,1,4,3,0.254,0.307,0.332,0.639
Alen Hanson,SFG,2B,110,294,36,74,17,5,8,39,7,3,9,71,3,3,1,0.252,0.274,0.425,0.699
Nick Hundley,SFG,C,96,282,34,68,13,2,10,31,2,1,22,85,0,0,1,0.241,0.298,0.408,0.706
Hunter Pence,SFG,OF,97,235,19,53,11,1,4,24,5,1,11,59,0,2,0,0.226,0.258,0.332,0.59
Pablo Sandoval,SFG,3B,92,230,22,57,10,1,9,40,0,0,19,52,0,1,2,0.248,0.31,0.417,0.727
Austin Slater,SFG,OF,74,199,21,50,6,1,1,23,7,0,20,69,0,1,5,0.251,0.333,0.307,0.64
Gregor Blanco,SFG,OF,68,189,19,41,7,3,2,12,6,2,12,58,1,1,0,0.217,0.262,0.317,0.579
Steven Duggar,SFG,OF,41,141,20,36,11,1,2,17,5,1,10,44,0,1,0,0.255,0.303,0.39,0.693
Kelby Tomlinson,SFG,2B,63,140,9,29,4,2,0,10,0,2,9,35,1,0,2,0.207,0.265,0.264,0.529
Mac Williamson,SFG,OF,28,94,14,20,4,0,4,11,1,1,11,27,0,0,0,0.213,0.295,0.383,0.678
Chase d'Arnaud,SFG,SS,42,93,9,20,5,0,3,9,2,1,4,37,1,1,1,0.215,0.253,0.366,0.619
Aramis Garcia,SFG,C,19,63,8,18,1,0,4,9,0,0,2,31,0,0,0,0.286,0.308,0.492,0.8
Chris Shaw,SFG,OF,22,54,2,10,2,0,1,7,1,0,7,23,0,1,0,0.185,0.274,0.278,0.552
Miguel Gomez,SFG,3B,9,15,3,4,0,0,0,1,0,0,0,5,0,0,0,0.267,0.267,0.267,0.534
Abiatal Avelino,SFG,SS,6,11,1,3,0,0,0,0,0,0,0,3,0,0,0,0.273,0.273,0.273,0.546
Ryder Jones,SFG,1B,5,8,2,3,0,0,2,3,0,0,0,5,0,0,0,0.375,0.375,1.125,1.5
Marcell Ozuna,STL,OF,148,582,69,163,16,2,23,88,3,0,38,110,0,4,3,0.28,0.325,0.433,0.758
Matt Carpenter,STL,1B,156,564,111,145,42,0,36,81,4,1,102,158,0,4,6,0.257,0.374,0.523,0.897
Jose Martinez,STL,1B,152,534,64,163,30,0,17,83,0,3,49,104,2,3,2,0.305,0.364,0.457,0.821
Yadier Molina,STL,C,123,459,55,120,20,0,20,74,4,3,29,66,0,6,9,0.261,0.314,0.436,0.75
Paul DeJong,STL,SS,115,436,68,105,25,1,19,68,1,1,36,123,0,5,12,0.241,0.313,0.433,0.746
Harrison Bader,STL,OF,138,379,61,100,20,2,12,37,15,3,31,125,2,4,11,0.264,0.334,0.422,0.756
Kolten Wong,STL,2B,127,353,41,88,18,2,9,38,6,5,31,60,6,3,14,0.249,0.332,0.388,0.72
Jedd Gyorko,STL,3B,125,351,49,92,19,1,11,47,2,0,44,77,0,4,3,0.262,0.346,0.416,0.762
Tommy Pham,STL,OF,98,351,67,87,11,0,14,41,10,6,42,97,0,1,2,0.248,0.331,0.399,0.73
Yairo Munoz,STL,SS,108,293,39,81,16,0,8,42,5,6,30,71,0,2,4,0.276,0.35,0.413,0.763
Dexter Fowler,STL,OF,90,289,40,52,10,0,8,31,5,2,38,75,0,4,3,0.18,0.278,0.298,0.576
Greg Garcia,STL,2B,114,181,15,40,6,0,3,15,3,1,20,37,1,2,4,0.221,0.309,0.304,0.613
Francisco Pena,STL,C,58,133,10,27,3,0,2,8,1,0,6,43,0,2,1,0.203,0.239,0.271,0.51
Tyler O'Neill,STL,OF,61,130,29,33,5,0,9,23,2,0,7,57,0,2,3,0.254,0.303,0.5,0.803
Patrick Wisdom,STL,3B,32,50,11,13,1,0,4,10,2,1,6,19,0,0,2,0.26,0.362,0.52,0.882
Carson Kelly,STL,C,19,35,1,4,0,0,0,3,0,0,3,7,3,0,1,0.114,0.205,0.114,0.319
Adolis Garcia,STL,OF,21,17,3,2,1,0,0,1,0,0,0,7,0,0,0,0.118,0.118,0.176,0.294
Steve Baron,STL,C,2,5,0,1,0,0,0,0,0,0,0,2,0,0,0,0.2,0.2,0.2,0.4
Edmundo Sosa,STL,SS,3,2,1,0,0,0,0,0,0,0,1,1,0,0,0,0,0.333,0,0.333
Trea Turner,WAS,SS,162,664,103,180,27,6,19,73,43,9,69,132,2,0,5,0.271,0.344,0.416,0.76
Bryce Harper,WAS,OF,159,550,103,137,34,0,34,100,13,3,130,169,0,9,6,0.249,0.393,0.496,0.889
Anthony Rendon,WAS,3B,136,529,88,163,44,2,24,92,2,1,55,82,0,8,5,0.308,0.374,0.535,0.909
Juan Soto,WAS,OF,116,414,77,121,25,1,22,70,5,2,79,99,1,0,0,0.292,0.406,0.517,0.923
Wilmer Difo,WAS,SS,148,408,55,94,14,7,7,42,10,3,39,82,3,4,2,0.23,0.298,0.35,0.648
Michael Taylor,WAS,OF,134,353,46,80,22,3,6,28,24,6,29,116,2,0,1,0.227,0.287,0.357,0.644
Adam Eaton,WAS,OF,95,319,55,96,18,1,5,33,9,1,38,64,2,0,11,0.301,0.394,0.411,0.805
Ryan Zimmerman,WAS,1B,85,288,33,76,21,2,13,51,1,1,30,55,0,2,3,0.264,0.337,0.486,0.823
Matt Adams,WAS,1B,94,249,37,64,9,0,18,48,0,0,24,55,0,0,4,0.257,0.332,0.51,0.842
Matt Wieters,WAS,C,76,235,24,56,8,0,8,30,0,1,30,45,1,2,3,0.238,0.33,0.374,0.704
Mark Reynolds,WAS,1B,86,206,26,51,8,0,13,40,0,0,24,64,0,3,2,0.248,0.328,0.476,0.804
Daniel Murphy,WAS,2B,56,190,17,57,9,0,6,29,1,0,13,17,0,2,0,0.3,0.341,0.442,0.783
Pedro Severino,WAS,C,70,190,14,32,9,0,2,15,1,0,18,47,0,1,4,0.168,0.254,0.247,0.501
Howie Kendrick,WAS,OF,40,152,17,46,14,0,4,12,1,1,5,29,0,1,2,0.303,0.331,0.474,0.805
Spencer Kieboom,WAS,C,52,125,16,29,5,0,2,13,0,0,16,28,0,1,1,0.232,0.322,0.32,0.642
Andrew Stevenson,WAS,OF,57,75,9,19,2,0,1,13,1,1,6,23,1,3,1,0.253,0.306,0.32,0.626
Victor Robles,WAS,OF,21,59,8,17,3,1,3,10,3,2,4,12,0,1,2,0.288,0.348,0.525,0.873
Adrian Sanchez,WAS,3B,28,58,8,16,2,1,0,3,0,0,1,8,0,0,0,0.276,0.288,0.345,0.633
Moises Sierra,WAS,OF,27,54,4,9,2,0,0,4,1,1,2,20,0,2,2,0.167,0.217,0.204,0.421
Matt Reynolds,WAS,3B,12,13,1,2,0,0,0,1,0,0,1,4,0,0,0,0.154,0.214,0.154,0.368
Miguel Montero,WAS,C,4,11,0,0,0,0,0,0,0,0,2,3,0,0,0,0,0.154,0,0.154
Rafael Bautista,WAS,OF,9,6,1,0,0,0,0,0,0,0,0,1,0,0,0,0,0,0,0